Your question,Top K context,Groq Model,Chatbot Answer,Top Contexts,timestamp
how are you,5,llama3-70b-8192,"I'm doing well, thank you for asking! I'm here to help you with any React-related questions or issues you might have. Please feel free to ask me anything, and I'll do my best to assist you.

By the way, I noticed that you provided some context from other questions, but I'm not sure how they relate to your question ""how are you"". Could you please clarify or ask a specific question about React, and I'll be happy to help?","'--- Context #1 (type=stackoverflow, similarity=0.606) ---
Explanation: React, Typescript, Authentication, Database
Code: None
Link: https://stackoverflow.com/questions/78989642/react-typescript-authentication-database

--- Context #2 (type=stackoverflow, similarity=0.586) ---
Explanation: Tailwind 3 with Webpack 5 in React
Code: {
    ""name"": ""my-app"",
    ""version"": ""1.0.0"",
    ""description"": """",
    ""private"": true,
    ""scripts"": {
        ""start"": ""node server.js"",
        ""build-manager"": ""NODE_ENV=production APP_ENV=$npm_config_app_env node --max-old-space-size=13500 ./node_modules/webpack/bin/webpack.js --config ./apps/manager/webpack.prod.js"",
        ""server"": ""node server.js"",
        ""test"": ""jest --watch"",
        ""cypress"": ""npx cypress open"",
        ""build-qa"": ""NODE_ENV=qa webpack --config webpack.qa.js --max-old-space-size=8192"",
        ""build-dev"": ""NODE_ENV=development webpack --config webpack.dev.js"",
        ""prepare"": ""husky""
    },
    ""author"": """",
    ""license"": ""ISC"",
    ""devDependencies"": {
        ""@babel/core"": ""^7.25.8"",
        ""@babel/preset-env"": ""^7.25.8"",
        ""@babel/preset-typescript"": ""^7.25.7"",
        ""@eslint/eslintrc"": ""^3.1.0"",
        ""@eslint/js"": ""^9.13.0"",
        ""@sentry/webpack-plugin"": ""^2.22.6"",
        ""@testing-library/jest-dom"": ""^6.1.3"",
        ""@testing-library/react"": ""^15.0.7"",
        ""@testing-library/user-event"": ""^14.5.2"",
        ""@types/react"": ""~18.2.0"",
        ""@types/react-dom"": ""~18.2.0"",
        ""@types/react-redux"": ""^7.1.34"",
        ""autoprefixer"": ""^10.4.21"",
        ""babel-loader"": ""^9.2.1"",
        ""case-sensitive-paths-webpack-plugin"": ""^2.4.0"",
        ""clean-webpack-plugin"": ""^4.0.0"",
        ""copy-webpack-plugin"": ""^12.0.2"",
        ""css-loader"": ""^7.1.2"",
        ""cypress"": ""^13.15.0"",
        ""cypress-mailisk"": ""^2.0.1"",
        ""eslint"": ""^9.13.0"",
        ""eslint-plugin-react"": ""^7.37.1"",
        ""eslint-plugin-simple-import-sort"": ""^7.0.0"",
        ""express"": ""^4.21.1"",
        ""globals"": ""^15.11.0"",
        ""html-webpack-plugin"": ""^5.6.2"",
        ""husky"": ""^9.1.6"",
        ""jest-environment-jsdom"": ""^29.7.0"",
        ""lint-staged"": ""^15.2.10"",
        ""postcss"": ""^8.5.3"",
        ""prettier"": ""^3.3.3"",
        ""redoc-cli"": ""^0.13.16"",
        ""sass"": ""^1.79.5"",
        ""sass-loader"": ""^16.0.2"",
        ""semantic-ui-react"": ""^2.1.5"",
        ""style-loader"": ""^4.0.0"",
        ""svg-inline-loader"": ""^0.8.2"",
        ""svg-url-loader"": ""^8.0.0"",
        ""tailwindcss"": ""^3.4.17"",
        ""terser-webpack-plugin"": ""^5.3.10"",
        ""webpack"": ""^5.95.0"",
        ""webpack-bundle-analyzer"": ""^4.10.2"",
        ""webpack-cli"": ""^5.1.4"",
        ""webpack-dev-middleware"": ""^7.4.2"",
        ""webpack-dev-server"": ""^5.1.0"",
        ""webpack-hot-middleware"": ""^2.26.1"",
        ""webpack-manifest-plugin"": ""^5.0.0"",
        ""webpack-merge"": ""^6.0.1""
    },
    ""dependencies"": {
        ""@babel/eslint-parser"": ""^7.25.9"",
        ""@babel/plugin-proposal-class-properties"": ""^7.8.3"",
        ""@babel/runtime"": ""^7.25.7"",
        ""@babel/runtime-corejs2"": ""^7.25.7"",
        ""@devexpress/dx-react-core"": ""^4.0.8"",
        ""@devexpress/dx-react-scheduler"": ""^4.0.8"",
        ""@devexpress/dx-react-scheduler-material-ui"": ""^4.0.8"",
        ""@dnd-kit/core"": ""^6.1.0"",
        ""@dnd-kit/modifiers"": ""^7.0.0"",
        ""@dnd-kit/sortable"": ""^8.0.0"",
        ""@dnd-kit/utilities"": ""^3.2.2"",
        ""@floating-ui/react"": ""^0.27.0"",
        ""@gsap/react"": ""^2.1.1"",
        ""@hello-pangea/dnd"": ""^16.6.0"",
        ""@mui/icons-material"": ""^5.15.15"",
        ""@mui/lab"": ""^5.0.0-alpha.117"",
        ""@mui/material"": ""^5.15.15"",
        ""@mui/x-date-pickers"": ""^5.0.15"",
        ""@reduxjs/toolkit"": ""^2.3.0"",
        ""@sentry/react"": ""^8.37.1"",
        ""@tanstack/react-query"": ""^5.59.15"",
        ""@tanstack/react-query-devtools"": ""^5.59.15"",
        ""@tanstack/react-virtual"": ""^3.10.8"",
        ""@tiptap/extension-placeholder"": ""^2.8.0"",
        ""@tiptap/pm"": ""^2.8.0"",
        ""@tiptap/react"": ""^2.8.0"",
        ""@tiptap/starter-kit"": ""^2.8.0"",
        ""@uidotdev/usehooks"": ""^2.4.1"",
        ""ace-builds"": ""^1.36.2"",
        ""ag-grid-community"": ""^33.0.3"",
        ""ag-grid-enterprise"": ""^33.0.3"",
        ""ag-grid-react"": ""^33.0.3"",
        ""array-move"": ""^2.2.0"",
        ""axios"": ""^1.7.7"",
        ""big.js"": ""^6.2.2"",
        ""bootstrap"": ""^4.6.0"",
        ""chart.js"": ""^4.4.5"",
        ""classnames"": ""^2.5.1"",
        ""crypto-browserify"": ""^3.12.0"",
        ""crypto-es"": ""^2.1.0"",
        ""debounce-promise"": ""^3.1.2"",
        ""dompurify"": ""^3.1.7"",
        ""dotenv-webpack"": ""^8.1.0"",
        ""formik"": ""^2.4.6"",
        ""fslightbox-react"": ""^1.7.6"",
        ""gsap"": ""^3.12.5"",
        ""html-react-parser"": ""^5.1.18"",
        ""immutability-helper"": ""^3.1.1"",
        ""invariant"": ""^2.2.4"",
        ""jsoncrush"": ""^1.1.6"",
        ""large-small-dynamic-viewport-units-polyfill"": ""^0.1.1"",
        ""libphonenumber-js"": ""^1.11.11"",
        ""lodash.clonedeep"": ""^4.5.0"",
        ""lodash.flattendeep"": ""^4.4.0"",
        ""lodash.isequal"": ""^4.5.0"",
        ""lodash.topath"": ""^4.5.2"",
        ""mapbox-gl"": ""^3.7.0"",
        ""microsoft-cognitiveservices-speech-sdk"": ""^1.41.0"",
        ""moment"": ""^2.30.1"",
        ""moment-timezone"": ""^0.5.23"",
        ""mui-image"": ""^1.0.7"",
        ""mui-nested-menu"": ""^3.4.0"",
        ""natural-orderby"": ""^2.0.3"",
        ""npm"": ""^10.9.0"",
        ""postcss-loader"": ""^8.1.1"",
        ""postcss-preset-env"": ""^10.1.5"",
        ""promise-polyfill"": ""8.3.0"",
        ""promise.allsettled"": ""^1.0.7"",
        ""query-string"": ""^9.1.1"",
        ""react"": ""~18.2.0"",
        ""react-ace"": ""^12.0.0"",
        ""react-bottom-scroll-listener"": ""^5.1.0"",
        ""react-chartjs-2"": ""^5.2.0"",
        ""react-content-loader"": ""^7.0.2"",
        ""react-datepicker"": ""^7.5.0"",
        ""react-dom"": ""~18.2.0"",
        ""react-draggable"": ""^4.4.6"",
        ""react-dropzone"": ""^14.2.9"",
        ""react-froala-wysiwyg"": ""4.3.0"",
        ""react-google-places-autocomplete"": ""^4.1.0"",
        ""react-google-recaptcha"": ""^3.1.0"",
        ""react-grid-layout"": ""^1.5.0"",
        ""react-intersection-observer"": ""^9.13.1"",
        ""react-loadable"": ""^5.5.0"",
        ""react-map-gl"": ""^7.1.7"",
        ""react-markdown"": ""^9.0.3"",
        ""react-moment"": ""^1.1.3"",
        ""react-number-format"": ""^5.4.2"",
        ""react-payment-inputs"": ""^1.2.0"",
        ""react-pdf"": ""^9.1.1"",
        ""react-phone-number-input"": ""^3.4.8"",
        ""react-plaid-link"": ""^3.6.0"",
        ""react-qr-code"": ""^2.0.15"",
        ""react-quill"": ""^2.0.0"",
        ""react-redux"": ""^9.1.2"",
        ""react-router-dom"": ""^5.1.2"",
        ""react-scripts"": ""^5.0.1"",
        ""react-select"": ""^5.8.1"",
        ""react-speech-recognition"": ""^3.10.0"",
        ""react-spinners"": ""^0.15.0"",
        ""react-toastify"": ""^10.0.6"",
        ""react-toggle"": ""^4.0.2"",
        ""react-virtuoso"": ""^4.12.0"",
        ""react-zoom-pan-pinch"": ""^3.6.1"",
        ""reactstrap"": ""^8.10.1"",
        ""redux"": ""^5.0.1"",
        ""redux-first-history"": ""^5.2.0"",
        ""redux-thunk"": ""^3.1.0"",
        ""regenerator-runtime"": ""^0.14.1"",
        ""stream-browserify"": ""^3.0.0"",
        ""styled-components"": ""^6.1.13"",
        ""textarea-caret"": ""^3.1.0"",
        ""web-speech-cognitive-services"": ""^7.1.3"",
        ""yup"": ""^1.4.0""
    }
}
Link: https://stackoverflow.com/questions/79555523/tailwind-3-with-webpack-5-in-react

--- Context #3 (type=stackoverflow, similarity=0.582) ---
Explanation: Using map loop in react showing not function
Code: {
  ""message"": ""Successfully loaded data."",
  ""courseData"": [
    {
      ""id"": 3,
      ""user_id"": ""1"",
      ""trainer_id"": ""2"",
      ""course_name"": ""Admin Full Support"",
      ""regular_price"": ""12000"",
      ""discount_price"": ""8000"",
      ""trainer"": null,
      ""photo"": ""https://itder.com/storage/uploads/course/8655491729531301.png"",
      ""status"": ""1"",
      ""created_at"": ""21-10-2024 17:21:41"",
      ""updated_at"": ""21-10-2024 17:21:41"",
      ""trainer_data"": {
        ""id"": 2,
        ""user_id"": ""1"",
        ""name"": ""Bashir Ahmed"",
        ""phone"": ""01947225599"",
        ""details"": ""Hi"",
        ""photo"": ""https://itder.com/storage/uploads/trainer/6951221729531073.png"",
        ""status"": ""1"",
        ""created_at"": ""21-10-2024 17:17:53"",
        ""updated_at"": ""21-10-2024 17:17:53""
      }
    },
    {
      ""id"": 1,
      ""user_id"": ""1"",
      ""trainer_id"": ""1"",
      ""course_name"": ""English"",
      ""regular_price"": ""200"",
      ""discount_price"": ""100"",
      ""trainer"": null,
      ""photo"": ""https://itder.com/storage/uploads/course/4624191729512058.png"",
      ""status"": ""1"",
      ""created_at"": ""21-10-2024 12:00:58"",
      ""updated_at"": ""21-10-2024 12:00:58"",
      ""trainer_data"": {
        ""id"": 1,
        ""user_id"": ""1"",
        ""name"": ""Masud Akbar"",
        ""phone"": ""01897865456"",
        ""details"": ""hi"",
        ""photo"": ""https://itder.com/storage/uploads/trainer/5702571729512011.png"",
        ""status"": ""1"",
        ""created_at"": ""21-10-2024 12:00:11"",
        ""updated_at"": ""21-10-2024 12:00:11""
      }
    },
    {
      ""id"": 7,
      ""user_id"": ""1"",
      ""trainer_id"": ""3"",
      ""course_name"": ""Facebook Ad Campaign"",
      ""regular_price"": ""500"",
      ""discount_price"": ""100"",
      ""trainer"": null,
      ""photo"": ""https://itder.com/storage/uploads/course/7190441729599935.jpeg"",
      ""status"": ""1"",
      ""created_at"": ""22-10-2024 12:25:35"",
      ""updated_at"": ""22-10-2024 12:25:35"",
      ""trainer_data"": {
        ""id"": 3,
        ""user_id"": ""1"",
        ""name"": ""Dhrubo Jyoti Das"",
        ""phone"": ""01774444000"",
        ""details"": ""hi"",
        ""photo"": ""https://itder.com/storage/uploads/trainer/4606921729531092.png"",
        ""status"": ""1"",
        ""created_at"": ""21-10-2024 17:18:12"",
        ""updated_at"": ""21-10-2024 17:18:12""
      }
    },
    {
      ""id"": 6,
      ""user_id"": ""1"",
      ""trainer_id"": ""3"",
      ""course_name"": ""Graphics  Full Support"",
      ""regular_price"": ""12500"",
      ""discount_price"": ""12000"",
      ""trainer"": null,
      ""photo"": ""https://itder.com/storage/uploads/course/5304721729531416.png"",
      ""status"": ""1"",
      ""created_at"": ""21-10-2024 17:23:36"",
      ""updated_at"": ""21-10-2024 17:23:36"",
      ""trainer_data"": {
        ""id"": 3,
        ""user_id"": ""1"",
        ""name"": ""Dhrubo Jyoti Das"",
        ""phone"": ""01774444000"",
        ""details"": ""hi"",
        ""photo"": ""https://itder.com/storage/uploads/trainer/4606921729531092.png"",
        ""status"": ""1"",
        ""created_at"": ""21-10-2024 17:18:12"",
        ""updated_at"": ""21-10-2024 17:18:12""
      }
    },
    {
      ""id"": 5,
      ""user_id"": ""1"",
      ""trainer_id"": ""3"",
      ""course_name"": ""Medical Admission"",
      ""regular_price"": ""25000"",
      ""discount_price"": ""22000"",
      ""trainer"": null,
      ""photo"": ""https://itder.com/storage/uploads/course/1433531729531385.png"",
      ""status"": ""1"",
      ""created_at"": ""21-10-2024 17:23:05"",
      ""updated_at"": ""21-10-2024 17:23:05"",
      ""trainer_data"": {
        ""id"": 3,
        ""user_id"": ""1"",
        ""name"": ""Dhrubo Jyoti Das"",
        ""phone"": ""01774444000"",
        ""details"": ""hi"",
        ""photo"": ""https://itder.com/storage/uploads/trainer/4606921729531092.png"",
        ""status"": ""1"",
        ""created_at"": ""21-10-2024 17:18:12"",
        ""updated_at"": ""21-10-2024 17:18:12""
      }
    },
    {
      ""id"": 4,
      ""user_id"": ""1"",
      ""trainer_id"": ""4"",
      ""course_name"": ""Python Engineering"",
      ""regular_price"": ""25000"",
      ""discount_price"": ""22000"",
      ""trainer"": null,
      ""photo"": ""https://itder.com/storage/uploads/course/2878081729531330.png"",
      ""status"": ""1"",
      ""created_at"": ""21-10-2024 17:22:10"",
      ""updated_at"": ""21-10-2024 17:22:10"",
      ""trainer_data"": {
        ""id"": 4,
        ""user_id"": ""1"",
        ""name"": ""Mojaddid-E-Alfe Sany"",
        ""phone"": ""01733165886"",
        ""details"": ""hi"",
        ""photo"": ""https://itder.com/storage/uploads/trainer/7753901729531123.png"",
        ""status"": ""1"",
        ""created_at"": ""21-10-2024 17:18:44"",
        ""updated_at"": ""21-10-2024 17:18:44""
      }
    },
    {
      ""id"": 2,
      ""user_id"": ""1"",
      ""trainer_id"": ""1"",
      ""course_name"": ""The Complete WordPress Website Course"",
      ""regular_price"": ""18000"",
      ""discount_price"": ""15000"",
      ""trainer"": null,
      ""photo"": ""https://itder.com/storage/uploads/course/9298281729531272.png"",
      ""status"": ""1"",
      ""created_at"": ""21-10-2024 17:21:12"",
      ""updated_at"": ""21-10-2024 17:21:12"",
      ""trainer_data"": {
        ""id"": 1,
        ""user_id"": ""1"",
        ""name"": ""Masud Akbar"",
        ""phone"": ""01897865456"",
        ""details"": ""hi"",
        ""photo"": ""https://itder.com/storage/uploads/trainer/5702571729512011.png"",
        ""status"": ""1"",
        ""created_at"": ""21-10-2024 12:00:11"",
        ""updated_at"": ""21-10-2024 12:00:11""
      }
    }
  ],
  ""status_code"": 201
}
Link: https://stackoverflow.com/questions/79138753/using-map-loop-in-react-showing-not-function",2025-08-29 11:22:52.632975
